Date,Open,High,Low,Close,Adj Close,Volume,Dividends,Stock Splits
2024-05-29 00:00:00-04:00,189.61000061035156,192.25,189.50999450683594,190.2899932861328,189.4042205810547,53068000,0.0,0.0
2024-05-30 00:00:00-04:00,190.75999450683594,192.17999267578125,190.6300048828125,191.2899932861328,190.39956665039062,49947900,0.0,0.0
2024-05-31 00:00:00-04:00,191.44000244140625,192.57000732421875,189.91000366210938,192.25,191.35508728027344,75158300,0.0,0.0
2024-06-03 00:00:00-04:00,192.89999389648438,194.99000549316406,192.52000427246094,194.02999877929688,193.12680053710938,50080500,0.0,0.0
2024-06-04 00:00:00-04:00,194.63999938964844,195.32000732421875,193.02999877929688,194.35000610351562,193.44532775878906,47471400,0.0,0.0
2024-06-05 00:00:00-04:00,195.39999389648438,196.89999389648438,194.8699951171875,195.8699951171875,194.95823669433594,54156800,0.0,0.0
2024-06-06 00:00:00-04:00,195.69000244140625,196.5,194.1699981689453,194.47999572753906,193.57470703125,41181800,0.0,0.0
2024-06-07 00:00:00-04:00,194.64999389648438,196.94000244140625,194.13999938964844,196.88999938964844,195.97349548339844,53103900,0.0,0.0
2024-06-10 00:00:00-04:00,196.89999389648438,197.3000030517578,192.14999389648438,193.1199951171875,192.22103881835938,97262100,0.0,0.0
2024-06-11 00:00:00-04:00,193.64999389648438,207.16000366210938,193.6300048828125,207.14999389648438,206.1857147216797,172373300,0.0,0.0
2024-06-12 00:00:00-04:00,207.3699951171875,220.1999969482422,206.89999389648438,213.07000732421875,212.07818603515625,198134300,0.0,0.0
2024-06-13 00:00:00-04:00,214.74000549316406,216.75,211.60000610351562,214.24000549316406,213.24273681640625,97862700,0.0,0.0
2024-06-14 00:00:00-04:00,213.85000610351562,215.1699981689453,211.3000030517578,212.49000549316406,211.50088500976562,70122700,0.0,0.0
2024-06-17 00:00:00-04:00,213.3699951171875,218.9499969482422,212.72000122070312,216.6699981689453,215.6614227294922,93728300,0.0,0.0
2024-06-18 00:00:00-04:00,217.58999633789062,218.6300048828125,213.0,214.2899932861328,213.29248046875,79943300,0.0,0.0
2024-06-20 00:00:00-04:00,213.92999267578125,214.24000549316406,208.85000610351562,209.67999267578125,208.7039337158203,86172500,0.0,0.0
2024-06-21 00:00:00-04:00,210.38999938964844,211.88999938964844,207.11000061035156,207.49000549316406,206.524169921875,246421400,0.0,0.0
2024-06-24 00:00:00-04:00,207.72000122070312,212.6999969482422,206.58999633789062,208.13999938964844,207.17112731933594,80727000,0.0,0.0
2024-06-25 00:00:00-04:00,209.14999389648438,211.3800048828125,208.61000061035156,209.07000732421875,208.0968017578125,56713900,0.0,0.0
2024-06-26 00:00:00-04:00,211.5,214.86000061035156,210.63999938964844,213.25,212.25733947753906,66213200,0.0,0.0
2024-06-27 00:00:00-04:00,214.69000244140625,215.74000549316406,212.35000610351562,214.10000610351562,213.1033935546875,49772700,0.0,0.0
2024-06-28 00:00:00-04:00,215.77000427246094,216.07000732421875,210.3000030517578,210.6199951171875,209.6395721435547,82542700,0.0,0.0
2024-07-01 00:00:00-04:00,212.08999633789062,217.50999450683594,211.9199981689453,216.75,215.7410430908203,60402900,0.0,0.0
2024-07-02 00:00:00-04:00,216.14999389648438,220.3800048828125,215.10000610351562,220.27000427246094,219.24465942382812,58046200,0.0,0.0
2024-07-03 00:00:00-04:00,220.0,221.5500030517578,219.02999877929688,221.5500030517578,220.51870727539062,37369800,0.0,0.0
2024-07-05 00:00:00-04:00,221.64999389648438,226.4499969482422,221.64999389648438,226.33999633789062,225.28639221191406,60412400,0.0,0.0
2024-07-08 00:00:00-04:00,227.08999633789062,227.85000610351562,223.25,227.82000732421875,226.75953674316406,59085900,0.0,0.0
2024-07-09 00:00:00-04:00,227.92999267578125,229.39999389648438,226.3699951171875,228.67999267578125,227.61550903320312,48076100,0.0,0.0
2024-07-10 00:00:00-04:00,229.3000030517578,233.0800018310547,229.25,232.97999572753906,231.89549255371094,62627700,0.0,0.0
2024-07-11 00:00:00-04:00,231.38999938964844,232.38999938964844,225.77000427246094,227.57000732421875,226.51071166992188,64710600,0.0,0.0
2024-07-12 00:00:00-04:00,228.9199981689453,232.63999938964844,228.67999267578125,230.5399932861328,229.4668426513672,53046500,0.0,0.0
2024-07-15 00:00:00-04:00,236.47999572753906,237.22999572753906,233.08999633789062,234.39999389648438,233.3088836669922,62631300,0.0,0.0
2024-07-16 00:00:00-04:00,235.0,236.27000427246094,232.3300018310547,234.82000732421875,233.7269287109375,43234300,0.0,0.0
2024-07-17 00:00:00-04:00,229.4499969482422,231.4600067138672,226.63999938964844,228.8800048828125,227.81459045410156,57345900,0.0,0.0
2024-07-18 00:00:00-04:00,230.27999877929688,230.44000244140625,222.27000427246094,224.17999267578125,223.13644409179688,66034600,0.0,0.0
2024-07-19 00:00:00-04:00,224.82000732421875,226.8000030517578,223.27999877929688,224.30999755859375,223.26585388183594,49151500,0.0,0.0
2024-07-22 00:00:00-04:00,227.00999450683594,227.77999877929688,223.08999633789062,223.9600067138672,222.91749572753906,48201800,0.0,0.0
2024-07-23 00:00:00-04:00,224.3699951171875,226.94000244140625,222.67999267578125,225.00999450683594,223.9626007080078,39960300,0.0,0.0
2024-07-24 00:00:00-04:00,224.0,224.8000030517578,217.1300048828125,218.5399932861328,217.522705078125,61777600,0.0,0.0
2024-07-25 00:00:00-04:00,218.92999267578125,220.85000610351562,214.6199951171875,217.49000549316406,216.4776153564453,51391200,0.0,0.0
2024-07-26 00:00:00-04:00,218.6999969482422,219.49000549316406,216.00999450683594,217.9600067138672,216.94541931152344,41601300,0.0,0.0
2024-07-29 00:00:00-04:00,216.9600067138672,219.3000030517578,215.75,218.24000549316406,217.22412109375,36311800,0.0,0.0
2024-07-30 00:00:00-04:00,219.19000244140625,220.3300018310547,216.1199951171875,218.8000030517578,217.781494140625,41643800,0.0,0.0
2024-07-31 00:00:00-04:00,221.44000244140625,223.82000732421875,220.6300048828125,222.0800018310547,221.04623413085938,50036300,0.0,0.0
2024-08-01 00:00:00-04:00,224.3699951171875,224.47999572753906,217.02000427246094,218.36000061035156,217.3435516357422,62501000,0.0,0.0
2024-08-02 00:00:00-04:00,219.14999389648438,225.60000610351562,217.7100067138672,219.86000061035156,218.83657836914062,105568600,0.0,0.0
2024-08-05 00:00:00-04:00,199.08999633789062,213.5,196.0,209.27000427246094,208.29586791992188,119548600,0.0,0.0
2024-08-06 00:00:00-04:00,205.3000030517578,209.99000549316406,201.07000732421875,207.22999572753906,206.26535034179688,69660500,0.0,0.0
2024-08-07 00:00:00-04:00,206.89999389648438,213.63999938964844,206.38999938964844,209.82000732421875,208.8433074951172,63516400,0.0,0.0
2024-08-08 00:00:00-04:00,213.11000061035156,214.1999969482422,208.8300018310547,213.30999755859375,212.3170623779297,47161100,0.0,0.0
2024-08-09 00:00:00-04:00,212.10000610351562,216.77999877929688,211.97000122070312,216.24000549316406,215.23342895507812,42201600,0.0,0.0
2024-08-12 00:00:00-04:00,216.07000732421875,219.50999450683594,215.60000610351562,217.52999877929688,216.76803588867188,38028100,0.25,0.0
2024-08-13 00:00:00-04:00,219.00999450683594,221.88999938964844,219.00999450683594,221.27000427246094,220.49493408203125,44155300,0.0,0.0
2024-08-14 00:00:00-04:00,220.57000732421875,223.02999877929688,219.6999969482422,221.72000122070312,220.943359375,41960600,0.0,0.0
2024-08-15 00:00:00-04:00,224.60000610351562,225.35000610351562,222.75999450683594,224.72000122070312,223.93284606933594,46414000,0.0,0.0
2024-08-16 00:00:00-04:00,223.9199981689453,226.8300018310547,223.64999389648438,226.0500030517578,225.25819396972656,44340200,0.0,0.0
2024-08-19 00:00:00-04:00,225.72000122070312,225.99000549316406,223.0399932861328,225.88999938964844,225.0987548828125,40687800,0.0,0.0
2024-08-20 00:00:00-04:00,225.77000427246094,227.1699981689453,225.4499969482422,226.50999450683594,225.71656799316406,30299000,0.0,0.0
2024-08-21 00:00:00-04:00,226.52000427246094,227.97999572753906,225.0500030517578,226.39999389648438,225.60696411132812,34765500,0.0,0.0
2024-08-22 00:00:00-04:00,227.7899932861328,228.33999633789062,223.89999389648438,224.52999877929688,223.74351501464844,43695300,0.0,0.0
2024-08-23 00:00:00-04:00,225.66000366210938,228.22000122070312,224.3300018310547,226.83999633789062,226.04541015625,38677300,0.0,0.0
2024-08-26 00:00:00-04:00,226.75999450683594,227.27999877929688,223.88999938964844,227.17999267578125,226.3842315673828,30602200,0.0,0.0
2024-08-27 00:00:00-04:00,226.0,228.85000610351562,224.88999938964844,228.02999877929688,227.2312469482422,35934600,0.0,0.0
2024-08-28 00:00:00-04:00,227.9199981689453,229.86000061035156,225.67999267578125,226.49000549316406,225.69664001464844,38052200,0.0,0.0
2024-08-29 00:00:00-04:00,230.10000610351562,232.9199981689453,228.8800048828125,229.7899932861328,228.98507690429688,51906300,0.0,0.0
2024-08-30 00:00:00-04:00,230.19000244140625,230.39999389648438,227.47999572753906,229.0,228.19786071777344,52990800,0.0,0.0
2024-09-03 00:00:00-04:00,228.5500030517578,229.0,221.1699981689453,222.77000427246094,221.9896697998047,50190600,0.0,0.0
2024-09-04 00:00:00-04:00,221.66000366210938,221.77999877929688,217.47999572753906,220.85000610351562,220.076416015625,43840200,0.0,0.0
2024-09-05 00:00:00-04:00,221.6300048828125,225.47999572753906,221.52000427246094,222.3800048828125,221.60104370117188,36615400,0.0,0.0
2024-09-06 00:00:00-04:00,223.9499969482422,225.24000549316406,219.77000427246094,220.82000732421875,220.0465087890625,48423000,0.0,0.0
2024-09-09 00:00:00-04:00,220.82000732421875,221.27000427246094,216.7100067138672,220.91000366210938,220.13619995117188,67180000,0.0,0.0
2024-09-10 00:00:00-04:00,218.9199981689453,221.47999572753906,216.72999572753906,220.11000061035156,219.3389892578125,51591000,0.0,0.0
2024-09-11 00:00:00-04:00,221.4600067138672,223.08999633789062,217.88999938964844,222.66000366210938,221.88006591796875,44587100,0.0,0.0
2024-09-12 00:00:00-04:00,222.5,223.5500030517578,219.82000732421875,222.77000427246094,221.9896697998047,37498200,0.0,0.0
2024-09-13 00:00:00-04:00,223.5800018310547,224.0399932861328,221.91000366210938,222.5,221.7206268310547,36766600,0.0,0.0
2024-09-16 00:00:00-04:00,216.5399932861328,217.22000122070312,213.9199981689453,216.32000732421875,215.56228637695312,59357400,0.0,0.0
2024-09-17 00:00:00-04:00,215.75,216.89999389648438,214.5,216.7899932861328,216.03062438964844,45519300,0.0,0.0
2024-09-18 00:00:00-04:00,217.5500030517578,222.7100067138672,217.5399932861328,220.69000244140625,219.91696166992188,59894900,0.0,0.0
2024-09-19 00:00:00-04:00,224.99000549316406,229.82000732421875,224.6300048828125,228.8699951171875,228.06829833984375,66781300,0.0,0.0
2024-09-20 00:00:00-04:00,229.97000122070312,233.08999633789062,227.6199951171875,228.1999969482422,227.40065002441406,318679900,0.0,0.0
2024-09-23 00:00:00-04:00,227.33999633789062,229.4499969482422,225.80999755859375,226.47000122070312,225.67672729492188,54146000,0.0,0.0
2024-09-24 00:00:00-04:00,228.64999389648438,229.35000610351562,225.72999572753906,227.3699951171875,226.5735626220703,43556100,0.0,0.0
2024-09-25 00:00:00-04:00,224.92999267578125,227.2899932861328,224.02000427246094,226.3699951171875,225.57705688476562,42308700,0.0,0.0
2024-09-26 00:00:00-04:00,227.3000030517578,228.5,225.41000366210938,227.52000427246094,226.72303771972656,36636700,0.0,0.0
2024-09-27 00:00:00-04:00,228.4600067138672,229.52000427246094,227.3000030517578,227.7899932861328,226.99209594726562,34026000,0.0,0.0
2024-09-30 00:00:00-04:00,230.0399932861328,233.0,229.64999389648438,233.0,232.18385314941406,54541900,0.0,0.0
2024-10-01 00:00:00-04:00,229.52000427246094,229.64999389648438,223.74000549316406,226.2100067138672,225.41763305664062,63285000,0.0,0.0
2024-10-02 00:00:00-04:00,225.88999938964844,227.3699951171875,223.02000427246094,226.77999877929688,225.98562622070312,32880600,0.0,0.0
2024-10-03 00:00:00-04:00,225.13999938964844,226.80999755859375,223.32000732421875,225.6699981689453,224.87950134277344,34044200,0.0,0.0
2024-10-04 00:00:00-04:00,227.89999389648438,228.0,224.1300048828125,226.8000030517578,226.0055694580078,37245100,0.0,0.0
2024-10-07 00:00:00-04:00,224.5,225.69000244140625,221.3300018310547,221.69000244140625,220.91346740722656,39505400,0.0,0.0
2024-10-08 00:00:00-04:00,224.3000030517578,225.97999572753906,223.25,225.77000427246094,224.9791717529297,31855700,0.0,0.0
2024-10-09 00:00:00-04:00,225.22999572753906,229.75,224.8300018310547,229.5399932861328,228.7359619140625,33591100,0.0,0.0
2024-10-10 00:00:00-04:00,227.77999877929688,229.5,227.1699981689453,229.0399932861328,228.2377166748047,28183500,0.0,0.0
2024-10-11 00:00:00-04:00,229.3000030517578,229.41000366210938,227.33999633789062,227.5500030517578,226.7529296875,31759200,0.0,0.0
2024-10-14 00:00:00-04:00,228.6999969482422,231.72999572753906,228.60000610351562,231.3000030517578,230.48980712890625,39882100,0.0,0.0
2024-10-15 00:00:00-04:00,233.61000061035156,237.49000549316406,232.3699951171875,233.85000610351562,233.03086853027344,64751400,0.0,0.0
2024-10-16 00:00:00-04:00,231.60000610351562,232.1199951171875,229.83999633789062,231.77999877929688,230.96810913085938,34082200,0.0,0.0
2024-10-17 00:00:00-04:00,233.42999267578125,233.85000610351562,230.52000427246094,232.14999389648438,231.33682250976562,32993800,0.0,0.0
2024-10-18 00:00:00-04:00,236.17999267578125,236.17999267578125,234.00999450683594,235.0,234.1768341064453,46431500,0.0,0.0
2024-10-21 00:00:00-04:00,234.4499969482422,236.85000610351562,234.4499969482422,236.47999572753906,235.6516571044922,36254500,0.0,0.0
2024-10-22 00:00:00-04:00,233.88999938964844,236.22000122070312,232.60000610351562,235.86000061035156,235.03382873535156,38846600,0.0,0.0
2024-10-23 00:00:00-04:00,234.0800018310547,235.13999938964844,227.75999450683594,230.75999450683594,229.95169067382812,52287000,0.0,0.0
2024-10-24 00:00:00-04:00,229.97999572753906,230.82000732421875,228.41000366210938,230.57000732421875,229.76235961914062,31109500,0.0,0.0
2024-10-25 00:00:00-04:00,229.74000549316406,233.22000122070312,229.57000732421875,231.41000366210938,230.5994110107422,38802300,0.0,0.0
2024-10-28 00:00:00-04:00,233.32000732421875,234.72999572753906,232.5500030517578,233.39999389648438,232.5824432373047,36087100,0.0,0.0
2024-10-29 00:00:00-04:00,233.10000610351562,234.3300018310547,232.32000732421875,233.6699981689453,232.85150146484375,35417200,0.0,0.0
2024-10-30 00:00:00-04:00,232.61000061035156,233.47000122070312,229.5500030517578,230.10000610351562,229.29400634765625,47070900,0.0,0.0
2024-10-31 00:00:00-04:00,229.33999633789062,229.8300018310547,225.3699951171875,225.91000366210938,225.11868286132812,64370100,0.0,0.0
2024-11-01 00:00:00-04:00,220.97000122070312,225.35000610351562,220.27000427246094,222.91000366210938,222.12918090820312,65276700,0.0,0.0
2024-11-04 00:00:00-05:00,220.99000549316406,222.7899932861328,219.7100067138672,222.00999450683594,221.23233032226562,44944500,0.0,0.0
2024-11-05 00:00:00-05:00,221.8000030517578,223.9499969482422,221.13999938964844,223.4499969482422,222.66729736328125,28111300,0.0,0.0
2024-11-06 00:00:00-05:00,222.61000061035156,226.07000732421875,221.19000244140625,222.72000122070312,221.93984985351562,54561100,0.0,0.0
2024-11-07 00:00:00-05:00,224.6300048828125,227.8800048828125,224.57000732421875,227.47999572753906,226.68316650390625,42137700,0.0,0.0
2024-11-08 00:00:00-05:00,227.1699981689453,228.66000366210938,226.41000366210938,226.9600067138672,226.41383361816406,38328800,0.25,0.0
2024-11-11 00:00:00-05:00,225.0,225.6999969482422,221.5,224.22999572753906,223.69039916992188,42005600,0.0,0.0
2024-11-12 00:00:00-05:00,224.5500030517578,225.58999633789062,223.36000061035156,224.22999572753906,223.69039916992188,40398300,0.0,0.0
2024-11-13 00:00:00-05:00,224.00999450683594,226.64999389648438,222.75999450683594,225.1199951171875,224.5782470703125,48566200,0.0,0.0
2024-11-14 00:00:00-05:00,225.02000427246094,228.8699951171875,225.0,228.22000122070312,227.67079162597656,44923900,0.0,0.0
2024-11-15 00:00:00-05:00,226.39999389648438,226.9199981689453,224.27000427246094,225.0,224.4585418701172,47923700,0.0,0.0
2024-11-18 00:00:00-05:00,225.25,229.74000549316406,225.1699981689453,228.02000427246094,227.4712677001953,44686000,0.0,0.0
2024-11-19 00:00:00-05:00,226.97999572753906,230.16000366210938,226.66000366210938,228.27999877929688,227.73065185546875,36211800,0.0,0.0
2024-11-20 00:00:00-05:00,228.05999755859375,229.92999267578125,225.88999938964844,229.0,228.44891357421875,35169600,0.0,0.0
2024-11-21 00:00:00-05:00,228.8800048828125,230.16000366210938,225.7100067138672,228.52000427246094,227.97007751464844,42108300,0.0,0.0
2024-11-22 00:00:00-05:00,228.05999755859375,230.72000122070312,228.05999755859375,229.8699951171875,229.3168182373047,38168300,0.0,0.0
2024-11-25 00:00:00-05:00,231.4600067138672,233.25,229.74000549316406,232.8699951171875,232.30960083007812,90152800,0.0,0.0
2024-11-26 00:00:00-05:00,233.3300018310547,235.57000732421875,233.3300018310547,235.05999755859375,234.49432373046875,45986200,0.0,0.0
2024-11-27 00:00:00-05:00,234.47000122070312,235.69000244140625,233.80999755859375,234.92999267578125,234.36463928222656,33498400,0.0,0.0
2024-11-29 00:00:00-05:00,234.80999755859375,237.80999755859375,233.97000122070312,237.3300018310547,236.7588653564453,28481400,0.0,0.0
2024-12-02 00:00:00-05:00,237.27000427246094,240.7899932861328,237.16000366210938,239.58999633789062,239.013427734375,48137100,0.0,0.0
2024-12-03 00:00:00-05:00,239.80999755859375,242.75999450683594,238.89999389648438,242.64999389648438,242.06607055664062,38861000,0.0,0.0
2024-12-04 00:00:00-05:00,242.8699951171875,244.11000061035156,241.25,243.00999450683594,242.42520141601562,44383900,0.0,0.0
2024-12-05 00:00:00-05:00,243.99000549316406,244.5399932861328,242.1300048828125,243.0399932861328,242.4551239013672,40033900,0.0,0.0
2024-12-06 00:00:00-05:00,242.91000366210938,244.6300048828125,242.0800018310547,242.83999633789062,242.25559997558594,36870600,0.0,0.0
2024-12-09 00:00:00-05:00,241.8300018310547,247.24000549316406,241.75,246.75,246.1562042236328,44649200,0.0,0.0
2024-12-10 00:00:00-05:00,246.88999938964844,248.2100067138672,245.33999633789062,247.77000427246094,247.1737518310547,36914800,0.0,0.0
2024-12-11 00:00:00-05:00,247.9600067138672,250.8000030517578,246.25999450683594,246.49000549316406,245.89683532714844,45205800,0.0,0.0
2024-12-12 00:00:00-05:00,246.88999938964844,248.74000549316406,245.67999267578125,247.9600067138672,247.36329650878906,32777500,0.0,0.0
2024-12-13 00:00:00-05:00,247.82000732421875,249.2899932861328,246.24000549316406,248.1300048828125,247.5328826904297,33155300,0.0,0.0
2024-12-16 00:00:00-05:00,247.99000549316406,251.3800048828125,247.64999389648438,251.0399932861328,250.43588256835938,51694800,0.0,0.0
2024-12-17 00:00:00-05:00,250.0800018310547,253.8300018310547,249.77999877929688,253.47999572753906,252.8699951171875,51356400,0.0,0.0
2024-12-18 00:00:00-05:00,252.16000366210938,254.27999877929688,247.74000549316406,248.0500030517578,247.4530792236328,56774100,0.0,0.0
2024-12-19 00:00:00-05:00,247.5,252.0,247.08999633789062,249.7899932861328,249.1888885498047,60882300,0.0,0.0
2024-12-20 00:00:00-05:00,248.0399932861328,255.0,245.69000244140625,254.49000549316406,253.87759399414062,147495300,0.0,0.0
2024-12-23 00:00:00-05:00,254.77000427246094,255.64999389648438,253.4499969482422,255.27000427246094,254.6557159423828,40858800,0.0,0.0
2024-12-24 00:00:00-05:00,255.49000549316406,258.2099914550781,255.2899932861328,258.20001220703125,257.57867431640625,23234700,0.0,0.0
2024-12-26 00:00:00-05:00,258.19000244140625,260.1000061035156,257.6300048828125,259.0199890136719,258.39666748046875,27237100,0.0,0.0
2024-12-27 00:00:00-05:00,257.8299865722656,258.70001220703125,253.05999755859375,255.58999633789062,254.9749298095703,42355300,0.0,0.0
2024-12-30 00:00:00-05:00,252.22999572753906,253.5,250.75,252.1999969482422,251.59307861328125,35557500,0.0,0.0
2024-12-31 00:00:00-05:00,252.44000244140625,253.27999877929688,249.42999267578125,250.4199981689453,249.81736755371094,39480700,0.0,0.0
2025-01-02 00:00:00-05:00,248.92999267578125,249.10000610351562,241.82000732421875,243.85000610351562,243.26319885253906,55740700,0.0,0.0
2025-01-03 00:00:00-05:00,243.36000061035156,244.17999267578125,241.88999938964844,243.36000061035156,242.7743682861328,40244100,0.0,0.0
2025-01-06 00:00:00-05:00,244.30999755859375,247.3300018310547,243.1999969482422,245.0,244.41041564941406,45045600,0.0,0.0
2025-01-07 00:00:00-05:00,242.97999572753906,245.5500030517578,241.35000610351562,242.2100067138672,241.62713623046875,40856000,0.0,0.0
2025-01-08 00:00:00-05:00,241.9199981689453,243.7100067138672,240.0500030517578,242.6999969482422,242.11595153808594,37628900,0.0,0.0
2025-01-10 00:00:00-05:00,240.00999450683594,240.16000366210938,233.0,236.85000610351562,236.28004455566406,61710900,0.0,0.0
2025-01-13 00:00:00-05:00,233.52999877929688,234.6699981689453,229.72000122070312,234.39999389648438,233.83592224121094,49630700,0.0,0.0
2025-01-14 00:00:00-05:00,234.75,236.1199951171875,232.47000122070312,233.27999877929688,232.71861267089844,39435300,0.0,0.0
2025-01-15 00:00:00-05:00,234.63999938964844,238.9600067138672,234.42999267578125,237.8699951171875,237.2975616455078,39832000,0.0,0.0
2025-01-16 00:00:00-05:00,237.35000610351562,238.00999450683594,228.02999877929688,228.25999450683594,227.710693359375,71759100,0.0,0.0
2025-01-17 00:00:00-05:00,232.1199951171875,232.2899932861328,228.47999572753906,229.97999572753906,229.4265594482422,68488300,0.0,0.0
2025-01-21 00:00:00-05:00,224.0,224.4199981689453,219.3800048828125,222.63999938964844,222.10421752929688,98070400,0.0,0.0
2025-01-22 00:00:00-05:00,219.7899932861328,224.1199951171875,219.7899932861328,223.8300018310547,223.29136657714844,64126500,0.0,0.0
2025-01-23 00:00:00-05:00,224.74000549316406,227.02999877929688,222.3000030517578,223.66000366210938,223.1217803955078,60234800,0.0,0.0
2025-01-24 00:00:00-05:00,224.77999877929688,225.6300048828125,221.41000366210938,222.77999877929688,222.24388122558594,54697900,0.0,0.0
2025-01-27 00:00:00-05:00,224.02000427246094,232.14999389648438,223.97999572753906,229.86000061035156,229.30685424804688,94863400,0.0,0.0
2025-01-28 00:00:00-05:00,230.85000610351562,240.19000244140625,230.80999755859375,238.25999450683594,237.68663024902344,75707600,0.0,0.0
2025-01-29 00:00:00-05:00,234.1199951171875,239.86000061035156,234.00999450683594,239.36000061035156,238.7839813232422,45486100,0.0,0.0
2025-01-30 00:00:00-05:00,238.6699981689453,240.7899932861328,237.2100067138672,237.58999633789062,237.0182342529297,55658300,0.0,0.0
2025-01-31 00:00:00-05:00,247.19000244140625,247.19000244140625,233.44000244140625,236.0,235.4320831298828,101075100,0.0,0.0
2025-02-03 00:00:00-05:00,229.99000549316406,231.8300018310547,225.6999969482422,228.00999450683594,227.46128845214844,73063300,0.0,0.0
2025-02-04 00:00:00-05:00,227.25,233.1300048828125,226.64999389648438,232.8000030517578,232.23977661132812,45067300,0.0,0.0
2025-02-05 00:00:00-05:00,228.52999877929688,232.6699981689453,228.27000427246094,232.47000122070312,231.91058349609375,39620300,0.0,0.0
2025-02-06 00:00:00-05:00,231.2899932861328,233.8000030517578,230.42999267578125,233.22000122070312,232.6587677001953,29925300,0.0,0.0
2025-02-07 00:00:00-05:00,232.60000610351562,234.0,227.25999450683594,227.6300048828125,227.08221435546875,39707200,0.0,0.0
2025-02-10 00:00:00-05:00,229.57000732421875,230.58999633789062,227.1999969482422,227.64999389648438,227.3518524169922,33115600,0.25,0.0
2025-02-11 00:00:00-05:00,228.1999969482422,235.22999572753906,228.1300048828125,232.6199951171875,232.3153533935547,53718400,0.0,0.0
2025-02-12 00:00:00-05:00,231.1999969482422,236.9600067138672,230.67999267578125,236.8699951171875,236.55978393554688,45243300,0.0,0.0
2025-02-13 00:00:00-05:00,236.91000366210938,242.33999633789062,235.57000732421875,241.52999877929688,241.21368408203125,53614100,0.0,0.0
2025-02-14 00:00:00-05:00,241.25,245.5500030517578,240.99000549316406,244.60000610351562,244.2796630859375,40896200,0.0,0.0
2025-02-18 00:00:00-05:00,244.14999389648438,245.17999267578125,241.83999633789062,244.47000122070312,244.14984130859375,48822500,0.0,0.0
2025-02-19 00:00:00-05:00,244.66000366210938,246.00999450683594,243.16000366210938,244.8699951171875,244.54930114746094,32204200,0.0,0.0
2025-02-20 00:00:00-05:00,244.94000244140625,246.77999877929688,244.2899932861328,245.8300018310547,245.508056640625,32316900,0.0,0.0
2025-02-21 00:00:00-05:00,245.9499969482422,248.69000244140625,245.22000122070312,245.5500030517578,245.22842407226562,53197400,0.0,0.0
2025-02-24 00:00:00-05:00,244.92999267578125,248.86000061035156,244.4199981689453,247.10000610351562,246.77639770507812,51326400,0.0,0.0
2025-02-25 00:00:00-05:00,248.0,250.0,244.91000366210938,247.0399932861328,246.71646118164062,48013300,0.0,0.0
2025-02-26 00:00:00-05:00,244.3300018310547,244.97999572753906,239.1300048828125,240.36000061035156,240.0452117919922,44433600,0.0,0.0
2025-02-27 00:00:00-05:00,239.41000366210938,242.4600067138672,237.05999755859375,237.3000030517578,236.98922729492188,41153600,0.0,0.0
2025-02-28 00:00:00-05:00,236.9499969482422,242.08999633789062,230.1999969482422,241.83999633789062,241.5232696533203,56833400,0.0,0.0
2025-03-03 00:00:00-05:00,241.7899932861328,244.02999877929688,236.11000061035156,238.02999877929688,237.71826171875,47184000,0.0,0.0
2025-03-04 00:00:00-05:00,237.7100067138672,240.07000732421875,234.67999267578125,235.92999267578125,235.6210174560547,53798100,0.0,0.0
2025-03-05 00:00:00-05:00,235.4199981689453,236.5500030517578,229.22999572753906,235.74000549316406,235.4312744140625,47227600,0.0,0.0
2025-03-06 00:00:00-05:00,234.44000244140625,237.86000061035156,233.16000366210938,235.3300018310547,235.0218048095703,45170400,0.0,0.0
2025-03-07 00:00:00-05:00,235.11000061035156,241.3699951171875,234.75999450683594,239.07000732421875,238.7569122314453,46273600,0.0,0.0
2025-03-10 00:00:00-04:00,235.5399932861328,236.16000366210938,224.22000122070312,227.47999572753906,227.1820831298828,72071200,0.0,0.0
2025-03-11 00:00:00-04:00,223.80999755859375,225.83999633789062,217.4499969482422,220.83999633789062,220.55078125,76137400,0.0,0.0
2025-03-12 00:00:00-04:00,220.13999938964844,221.75,214.91000366210938,216.97999572753906,216.69583129882812,62547500,0.0,0.0
2025-03-13 00:00:00-04:00,215.9499969482422,216.83999633789062,208.4199981689453,209.67999267578125,209.4053955078125,61368300,0.0,0.0
2025-03-14 00:00:00-04:00,211.25,213.9499969482422,209.5800018310547,213.49000549316406,213.21041870117188,60107600,0.0,0.0
2025-03-17 00:00:00-04:00,213.30999755859375,215.22000122070312,209.97000122070312,214.0,213.71974182128906,48073400,0.0,0.0
2025-03-18 00:00:00-04:00,214.16000366210938,215.14999389648438,211.49000549316406,212.69000244140625,212.4114532470703,42432400,0.0,0.0
2025-03-19 00:00:00-04:00,214.22000122070312,218.75999450683594,213.75,215.24000549316406,214.95811462402344,54385400,0.0,0.0
2025-03-20 00:00:00-04:00,213.99000549316406,217.49000549316406,212.22000122070312,214.10000610351562,213.81961059570312,48862900,0.0,0.0
2025-03-21 00:00:00-04:00,211.55999755859375,218.83999633789062,211.27999877929688,218.27000427246094,217.98414611816406,94127800,0.0,0.0
2025-03-24 00:00:00-04:00,221.0,221.47999572753906,218.5800018310547,220.72999572753906,220.44091796875,44299500,0.0,0.0
2025-03-25 00:00:00-04:00,220.77000427246094,224.10000610351562,220.0800018310547,223.75,223.45697021484375,34493600,0.0,0.0
2025-03-26 00:00:00-04:00,223.50999450683594,225.02000427246094,220.47000122070312,221.52999877929688,221.2398681640625,34466100,0.0,0.0
2025-03-27 00:00:00-04:00,221.38999938964844,224.99000549316406,220.55999755859375,223.85000610351562,223.5568389892578,37094800,0.0,0.0
2025-03-28 00:00:00-04:00,221.6699981689453,223.80999755859375,217.67999267578125,217.89999389648438,217.6146240234375,39818600,0.0,0.0
2025-03-31 00:00:00-04:00,217.00999450683594,225.6199951171875,216.22999572753906,222.1300048828125,221.83909606933594,65299300,0.0,0.0
2025-04-01 00:00:00-04:00,219.80999755859375,223.67999267578125,218.89999389648438,223.19000244140625,222.897705078125,36412700,0.0,0.0
2025-04-02 00:00:00-04:00,221.32000732421875,225.19000244140625,221.02000427246094,223.88999938964844,223.59678649902344,35905900,0.0,0.0
2025-04-03 00:00:00-04:00,205.5399932861328,207.49000549316406,201.25,203.19000244140625,202.9239044189453,103419000,0.0,0.0
2025-04-04 00:00:00-04:00,193.88999938964844,199.8800048828125,187.33999633789062,188.3800048828125,188.13330078125,125910900,0.0,0.0
2025-04-07 00:00:00-04:00,177.1999969482422,194.14999389648438,174.6199951171875,181.4600067138672,181.2223663330078,160466300,0.0,0.0
2025-04-08 00:00:00-04:00,186.6999969482422,190.33999633789062,169.2100067138672,172.4199981689453,172.19419860839844,120859500,0.0,0.0
2025-04-09 00:00:00-04:00,171.9499969482422,200.61000061035156,171.88999938964844,198.85000610351562,198.58958435058594,184395900,0.0,0.0
2025-04-10 00:00:00-04:00,189.07000732421875,194.77999877929688,183.0,190.4199981689453,190.17062377929688,121880000,0.0,0.0
2025-04-11 00:00:00-04:00,186.10000610351562,199.5399932861328,186.05999755859375,198.14999389648438,197.89048767089844,87435900,0.0,0.0
2025-04-14 00:00:00-04:00,211.44000244140625,212.94000244140625,201.16000366210938,202.52000427246094,202.25477600097656,101352900,0.0,0.0
2025-04-15 00:00:00-04:00,201.86000061035156,203.50999450683594,199.8000030517578,202.13999938964844,201.87527465820312,51343900,0.0,0.0
2025-04-16 00:00:00-04:00,198.36000061035156,200.6999969482422,192.3699951171875,194.27000427246094,194.0155792236328,59732400,0.0,0.0
2025-04-17 00:00:00-04:00,197.1999969482422,198.8300018310547,194.4199981689453,196.97999572753906,196.72203063964844,51334300,0.0,0.0
2025-04-21 00:00:00-04:00,193.27000427246094,193.8000030517578,189.80999755859375,193.16000366210938,192.9070281982422,46742500,0.0,0.0
2025-04-22 00:00:00-04:00,196.1199951171875,201.58999633789062,195.97000122070312,199.74000549316406,199.47842407226562,52976400,0.0,0.0
2025-04-23 00:00:00-04:00,206.0,208.0,202.8000030517578,204.60000610351562,204.33206176757812,52929200,0.0,0.0
2025-04-24 00:00:00-04:00,204.88999938964844,208.8300018310547,202.94000244140625,208.3699951171875,208.09710693359375,47311000,0.0,0.0
2025-04-25 00:00:00-04:00,206.3699951171875,209.75,206.1999969482422,209.27999877929688,209.00592041015625,38222300,0.0,0.0
2025-04-28 00:00:00-04:00,210.0,211.5,207.4600067138672,210.13999938964844,209.8647918701172,38743100,0.0,0.0
2025-04-29 00:00:00-04:00,208.69000244140625,212.24000549316406,208.3699951171875,211.2100067138672,210.9333953857422,36827600,0.0,0.0
2025-04-30 00:00:00-04:00,209.3000030517578,213.5800018310547,206.6699981689453,212.5,212.22171020507812,52286500,0.0,0.0
2025-05-01 00:00:00-04:00,209.0800018310547,214.55999755859375,208.89999389648438,213.32000732421875,213.04063415527344,57365700,0.0,0.0
2025-05-02 00:00:00-04:00,206.08999633789062,206.99000549316406,202.16000366210938,205.35000610351562,205.08106994628906,101010600,0.0,0.0
2025-05-05 00:00:00-04:00,203.10000610351562,204.10000610351562,198.2100067138672,198.88999938964844,198.62953186035156,69018500,0.0,0.0
2025-05-06 00:00:00-04:00,198.2100067138672,200.64999389648438,197.02000427246094,198.50999450683594,198.25001525878906,51216500,0.0,0.0
2025-05-07 00:00:00-04:00,199.1699981689453,199.44000244140625,193.25,196.25,195.99298095703125,68536700,0.0,0.0
2025-05-08 00:00:00-04:00,197.72000122070312,200.0500030517578,194.67999267578125,197.49000549316406,197.2313690185547,50478900,0.0,0.0
2025-05-09 00:00:00-04:00,199.0,200.5399932861328,197.5399932861328,198.52999877929688,198.27000427246094,36453900,0.0,0.0
2025-05-12 00:00:00-04:00,210.97000122070312,211.27000427246094,206.75,210.7899932861328,210.7899932861328,63775800,0.26,0.0
2025-05-13 00:00:00-04:00,210.42999267578125,213.39999389648438,209.0,212.92999267578125,212.92999267578125,51909300,0.0,0.0
2025-05-14 00:00:00-04:00,212.42999267578125,213.94000244140625,210.5800018310547,212.3300018310547,212.3300018310547,49325800,0.0,0.0
2025-05-15 00:00:00-04:00,210.9499969482422,212.9600067138672,209.5399932861328,211.4499969482422,211.4499969482422,45029500,0.0,0.0
2025-05-16 00:00:00-04:00,212.36000061035156,212.57000732421875,209.77000427246094,211.25999450683594,211.25999450683594,54737900,0.0,0.0
2025-05-19 00:00:00-04:00,207.91000366210938,209.47999572753906,204.25999450683594,208.77999877929688,208.77999877929688,46140500,0.0,0.0
2025-05-20 00:00:00-04:00,207.6699981689453,208.47000122070312,205.02999877929688,206.86000061035156,206.86000061035156,42496600,0.0,0.0
2025-05-21 00:00:00-04:00,205.1699981689453,207.0399932861328,200.7100067138672,202.08999633789062,202.08999633789062,59211800,0.0,0.0
2025-05-22 00:00:00-04:00,200.7100067138672,202.75,199.6999969482422,201.36000061035156,201.36000061035156,46742400,0.0,0.0
2025-05-23 00:00:00-04:00,193.6699981689453,197.6999969482422,193.4600067138672,195.27000427246094,195.27000427246094,78432900,0.0,0.0
2025-05-27 00:00:00-04:00,198.3000030517578,200.74000549316406,197.42999267578125,200.2100067138672,200.2100067138672,56288500,0.0,0.0
2025-05-28 00:00:00-04:00,200.58999633789062,202.72999572753906,199.89999389648438,200.4199981689453,200.4199981689453,44158300,0.0,0.0
2025-05-29 00:00:00-04:00,203.5749969482422,203.77999877929688,198.50999450683594,199.98240661621094,199.98240661621094,28288952,0.0,0.0
